INSERT INTO Firma_transport (caen,denumire,sediu_firma,telefon,email) VALUES
(5229,'Stan Marius Constructii','Alba Iulia, Romania','0744327371','adistanm@yahoo.com');

INSERT INTO Clienti (cod_client,nume,locatie,telefon,cont_bancar) VALUES
(1,'TransportRapid SRL', 'Bucuresti, Romania','+40 721 555 123', 'ROXX1234ABCD5678EFGH1234'),
(2,'AutoLogistic Group','Cluj-Napoca, Romania','+40 731 789 456','ROXX5678WXYZ9876ABCD5678'),
(3,'CarExpress Transport','Timisoara, Romania','+40 762 234 567','ROXX9876PQRS3456JKLM7890'),
(4,'Speedy Transport Services','Iasi, Romania','+40 723 987 654','ROXX3456EFGH1234TUVW2345'),
(5,'RapidCargo Logistics','Oradea, Romania','+40 722 333 222','ROXX2345WXYZ9876PQRS3456'),
(6,'AutoTransit Express','Sibiu, Romania','+40 731 123 456','ROXX6789TUVW2345JKLM7890'),
(7,'TransportSolutions Ltd.','Brasov, Romania','+40 730 555 789','ROXX4567ABCD5678WXYZ9876'),
(8,'FastTrack Haulage','Constanta, Romania','+40744327371','ROXX7890EFGH1234PQRS3456'),
(9,'Reliable Auto Carriers','Arad, Romania','+40 731 789 987','ROXX2345JKLM7890ABCD5678'),
(10,'ExpressCargo Services','Ploiesti, Romania','+40 724 111 333','ROXX5678TUVW2345EFGH1234');

INSERT INTO Comanda(id_comanda,caen,cod_client,adr_incarcare,adr_descarcare,cantitate,distanta,pret)VALUES
(1,'5229',1,'Strada Transportului, Bucuresti, Romania','Depozit Logistic, Cluj-Napoca, Romania',10,400 ,1200),
(2,'5229',1,'Strada Transportului, Bucuresti, Romania','Depozit Logistic, Cluj-Napoca, Romania',20,200 ,600),
(3,'5229',2,'Terminal Maritim, Constanta','Centru Distribuție, Timisoara',18 ,600, 2200),
(4,'5229',3,'Depozit Frigorific, Iasi','Magazin Alimentar, Sibiu',8 , 350, 1300),
(5,'5229',4,'Depozit Electrocasnice, Cluj-Napoca','Showroom Mobila, Arad',6 ,250, 900),
(6,'5229',5,'Fabrica de Automobile, Pitesti','Dealer Auto, Bucuresti',20 ,120, 1000),
(7,'5229',4,'Depozit Electrocasnice, Cluj-Napoca','Showroom Mobila, Arad',1 ,200, 700),
(8,'5229',5,'Fabrica de Automobile, Pitesti','Dealer Auto, Bucuresti',14 ,245, 1100),
(9,'5229',6,'Port Maritim, Mangalia','Terminal Logistic, Arad',14 ,800 , 2800 ),
(10,'5229',7,'Depozit Electronica, Timisoara','Centru de Service, Oradea',4 ,200 ,700 ),

(11,'5229',8,'Fabrică de Textile, Sibiu',' Magazin de Moda, Cluj-Napoca',10,300, 1200),
(12,'5229',9,'Depozit Alimentar, Arad',' Supermarket, Oradea',7,100,600),
(13,'5229',10,'Fabrica de Mobila, Bucuresti','Magazin de Mobila, Brasov',16,150, 1800),
(14,'5229',9,'Depozit Alimentar, Arad',' Supermarket, Oradea',17,245,700),
(15,'5229',10,'Fabrica de Mobila, Bucuresti','Magazin de Mobila, Brasov',11,245, 1800);


INSERT INTO Facturi_emise(nr_comanda,data,TVA,tarif,cantitate) VALUES
(1,'2023-10-05',' 20%',1200,10),
(2,'2023-10-08','19%',600,20),
(3,'2023-10-12','21%',2200,18),
(4,'2023-10-15','20%',1300,8),
(5,'2023-10-19','19%',900,6),
(6,'2023-10-22','21%',1000,20),
(7,'2023-10-26','18%',700,1),
(8,'2023-10-29','20%',1100,14),
(9,'2023-11-02','19%',2800,14),
(10,'2023-11-05','21%',700,4),
(11,'2023-11-03','18%',1200,10),
(12,'2023-10-29','18%',600,7),
(13,'2023-11-02','19%',1800,16),
(14,'2023-11-03','18%',700,17),
(15,'2023-10-05','20%',1800,11);



INSERT INTO ComandaFacturi(id_comanda,nr_comanda) VALUES
(1,1),
(2,2),
(3,3),
(4,4),
(5,5),
(6,6),
(7,7),
(8,8),
(9,9),
(10,10),
(11,11),
(12,12),
(13,13),
(14,14),
(15,15);

INSERT INTO Angajati(cnp,caen,nume,prenume,functie,salar,bonusuri)VALUES
('1980101456789','5229','Popescu','Ana','Manager Logistic',5000,1000),
('1970523678910','5229','Ionescu','Andrei','Coordonator Depozit',4200,800),
('1980902123456','5229','Radu','Elena','Specialist Documentare Vamala',4800,900),
('1990614789012','5229','Stan','Mihai',' Specialist Logistic',4500,850),
('1980412901234','5229','Vasile','Diana','Coordonator Expedieri',4300,820),
('1981103546789','5229','Andrei','Ioana','Operator Call Center',3800,750),
('1970721456789','5229','Popa','Andrei','Specialist Documentare Vamala',4600,880),
('1971123678910','5229','Dumitrescu','Laura','Coordonator Depozit',4100,790),
('1980102123456','5229','Georgescu','Radu','Specialist Logistic',4700,910),
('1980904789012','5229','Stanescu','Ioan','Manager Logistic',5200,1050),
('1980712345678','5229','Popescu','Maria','Manager Logistic',4700,1000),
('2900523456789','5229','Ionescu','Ana','Specialist Documentare Vamala',3800,1000),
('1761123456789','5229','Mihai','Maria ','Specialist Documentare Vamala',3800,880),
('2000412345678','5229','Georgescu','Ion ','Operator Call Center',5200,880),
('1950312345678','5229','Constantinescu','Elena ','Operator Call Center',5200,1000),
('2860801234567','5229','Radu','Alexandru','Operator Call Center',5200,1000),
('1700223456789','5229','Vasile','Cristina ','Coordonator Depozit',4700,880),
('2630623456789','5229','Dumitru','Adrian','Coordonator Depozit',4700,880),
('2101212345678','5229','Grigorescu','Larisa','Manager Logistic',4700,1000),
('1840301234567','5229','Neacsu','Florin ','Manager Logistic',4700,880);

INSERT INTO Soferi(id_sofer,caen,cnp_sofer,nume,prenumme,permis,tara_interdictie,salar,bonusuri,diurna)VALUES
(1,'5229','1980305123456','Popescu','Ion','B,C','Serbia',4000,800,50),
(2,'5229','1970623678910','Ionescu','Maria','B,C','Ungaria',3800,750,60),
(3,'5229','1980102123456','Radu','George','B,C','Croatia',4200,820,55),
(4,'5229','1990214789012','Stan','Elena','B,C','Slovenia',3900 ,760,45),
(5,'5229','1980422901234','Vasile','Andrei','B,C','Slovacia',4300,840,65),
(6,'5229','1980923546789','Andrei','Ioana','B,C','Polonia',4100,800,70),
(7,'5229','1970721456789','Popa','Mihai','B,C','Germania',4200,830,75),
(8,'5229','1971123678910','Dumitrescu','Ana','B,C','Italia',4000,790,55),
(9,'5229','1980102123456','Georgescu','Laura','B,C','Franta',4400,860,60),
(10,'5229','1980904789012','Stanescu','Cristian','B,C','Austria',4100,800,65),
(11,'5229','1980712345678','Popescu','Andrei','B','Franta',3000,500,40),
(12,'5229','2900523456789','Ionescu','Maria','B','Germania',3200,600,65),
(13,'5229','1761123456789','Georgescu','Andrei','B','Italia',3500,550,34),
(14,'5229','2000412345678','Mihai','Elena','B,C,A','Spania',3400,580,47),
(15,'5229','1950312345678','Ionescu','George','B,C','Olanda',3100,520,23),
(16,'5229','2860801234567','Ioana','Florin','B,A','Belgia',3300,540,75),
(17,'5229','1700223456789','Dumitrescu','Alexandru','B','Marea Britanie',3600,570,20),
(18,'5229','2630623456789','Vasile','George','B,C','Suedia',3200,530,65),
(19,'5229','2101212345678','Grigorescu','Larisa','B','Elvetia',3400,550,65),
(20,'5229','1840301234567','Elena ','Florin','B,C','Norvegia',3500,560,76);


INSERT INTO Masini(id_sofer,nr_masina,model,capacitate) VALUES
(1,'BN01SPR','Mercedes Sprinter',3.5),
(2,'PH02SPR','Mercedes Sprinter',4),
(3,'CJ03SPR','Mercedes Sprinter', 3.5),
(4,'TM04SPR','Mercedes Sprinter',4.5),
(5,'BV05SPR','Mercedes Sprinter',3.5),
(6,'AR06SPR','Mercedes Sprinter',4),
(7,'IS07SPR','Mercedes Sprinter',3.5),
(8,'SB08SPR','Mercedes Sprinter',4),
(9,'PH09SPR','Mercedes Sprinter',3.5),
(10,'MS10SPR','Mercedes Sprinter',3),
(11,'BN23ABC','Ford Sprinter',4),
(12,'CJ23XYZ','Volkswagen Sprinter',3.5),
(13,'BV56LMN','Renault Sprinter',4.5),
(14,'MS29QRS','Iveco Sprinter',4.5),
(15,'GR12DEF','Fiat Sprinter',3.5),
(16,'AG88XYZ','Opel Sprinter',4.5),
(17,'BV45WXY','Peugeot Sprinter',3.5),
(18,'SM72PQR','Nissan Sprinter',3),
(19,'CT51JKL','Volkswagen Sprinter',3.5),
(20,'AB11ARI','Mercedes Sprinter',4.5);


INSERT INTO Costuri(id_costuri,pk_masina,revizie,tari_vinieta,impozit,asigurari,copie_conform)VALUES
(1,1,3500,1800,4500,5500,400),
(2,2,3400,1700,4200,5300,350),
(3,3,3800,1500,4700,6000,450),
(4,4,3600,1600,4400,5700,380),
(5,5,3900,1400,4800,5900,420),
(6,6,3300,1900,4100,5200,340),
(7,7,3700,1700,4500,5800,400),
(8,8,4000,1300,4900,6100,480),
(9,9,3200,1800,4000,5100,320),
(10,10,3500,1600,4600,5900,420),
(11,11,3900,1400,4800,5900,420),
(12,12,3300,1900,4100,5200,340),
(13,13,4000,1300,4900,6100,480),
(14,14,3200,1800,4000,5100,320),
(15,15,3200,1800,4000,5100,320),
(16,16,3500,1600,4600,5900,420),
(17,17,3500,1800,4500,5500,400),
(18,18,3400,1700,4200,5300,350),
(19,19,3800,1500,4700,6000,450),
(20,20,3300,1900,4100,5200,340);


INSERT INTO Furnizori_de_piese_auto(cod_furnizor,denumire,pret,descriere,cantitate)VALUES
(1,'HighQualityAutoParts',800,'Set complet de suspensii sport',25),
(2,'PerformanceAutoGear',750,'Echipamente de performanță pentru motoare',20),
(3,'RaceReadyExhaust',950,'Accesorii de lux pentru interior',15),
(4,'TurboChargersDirect',720,'Turbocompresoare de cursă lunga',30),
(5,'PremiumAutoTires',850,'Anvelope premium pentru performanta',40),
(6,'RacingEngineParts',670,'Piese pentru motoare de curse',12),
(7,'LuxuryCarSeats',900,'Scaune de lux pentru automobile',10),
(8,'AdvancedCarTech',720,'Sisteme electronice de ultimă generatie',18),
(9,'ProBrakeSystems',650,'Sisteme de franare de inaltă performanta',24),
(10,'RaceReadyExhaust',700,'Sisteme de evacuare pentru curse',14),
(11,'LuxuryCarAccessories',950,'Piese pentru motoare de curse',15),
(12,'LuxuryCarSeats',720,'Sisteme de franare de inaltă performanta',30),
(13,'LuxuryCarSeats',720,'Sisteme de evacuare pentru curse',18),
(14,'RaceReadyExhaust',650,'Sisteme de franare de inaltă performanta',24),
(15,'RaceReadyExhaust',700,'Sisteme de evacuare pentru curse',14),
(16,'RaceReadyExhaust',750,'Sisteme de franare de inaltă performanta',20),
(17,'HighQualityAutoParts',950,'Sisteme de evacuare pentru curse',15);

INSERT INTO Facturi_incasate(codi_factura,cod_furnizor,descriere,data,tarif)VALUES
(1,1,'Set complet de suspensii sport','2023-05-03',800),
(2,2,'Echipamente de performanță pentru motoare','2023-05-08',750),
(3,3,'Accesorii de lux pentru interior','2023-05-15',950),
(4,4,'Turbocompresoare de cursă lunga','2023-05-20',720),
(5,5,'Anvelope premium pentru performanta','2023-05-25',850),
(6,6,'Piese pentru motoare de curse','2023-06-02',670),
(7,7,'Scaune de lux pentru automobile','2023-06-10',900),
(8,8,'Sisteme electronice de ultimă generație','2023-06-15',720),
(9,9,'Sisteme de franare de inalta performanta','2023-06-20',650),
(10,10,'Sisteme de evacuare pentru curse','2023-06-25',700),
(11,11,'Piese pentru motoare de curse','2023-08-25',800),
(12,12,'Sisteme de franare de inaltă performanta','2023-06-23',650),
(13,13,'Sisteme de evacuare pentru curse','2023-11-25',650),
(14,14,'Sisteme de franare de inaltă performanta','2023-12-25',720),
(15,15,'Sisteme de evacuare pentru curse','2023-02-25',800),
(16,16,'Sisteme de evacuare pentru curse','2023-05-25',720),
(17,17,'Sisteme de evacuare pentru curse','2023-01-25',650);

INSERT INTO MasiniFurnizori(pk_masina,cod_furnizor) VALUES
(1,1),
(2,2),
(3,3),
(4,4),
(5,5),
(6,6),
(7,7),
(8,8),
(9,9),
(10,1),
(11,12),
(12,13),
(13,14),
(14,2),
(15,16),
(16,11),
(17,17),
(18,13),
(19,13),
(20,14);